-- ============================================================
-- 🎵 Music App — Supabase Seed Script
-- Tables: artists -> albums -> songs (linked by foreign keys)
-- 20 artists | 2+ albums each | 5+ songs per album
-- ============================================================

-- ── Drop existing (safe re-run) ──
DROP TABLE IF EXISTS songs CASCADE;
DROP TABLE IF EXISTS albums CASCADE;
DROP TABLE IF EXISTS artists CASCADE;

-- ── ARTISTS ──
CREATE TABLE artists (
  id          SERIAL PRIMARY KEY,
  name        VARCHAR(150) NOT NULL,
  genre       VARCHAR(100),
  image       TEXT
);

-- ── ALBUMS (FK -> artists) ──
CREATE TABLE albums (
  id          SERIAL PRIMARY KEY,
  artist_id   INTEGER NOT NULL REFERENCES artists(id) ON DELETE CASCADE,
  title       VARCHAR(200) NOT NULL,
  release_year INTEGER,
  cover_image TEXT
);

-- ── SONGS (FK -> albums) ──
CREATE TABLE songs (
  id             SERIAL PRIMARY KEY,
  album_id       INTEGER NOT NULL REFERENCES albums(id) ON DELETE CASCADE,
  track_number   INTEGER,
  title          VARCHAR(200) NOT NULL,
  duration_seconds INTEGER,
  cover_image    TEXT,
  youtube_url    TEXT
);

-- ── INSERT ARTISTS ──
INSERT INTO artists (id, name, genre, image) VALUES
(1, 'Aurora Vale', 'Indie Pop', 'https://picsum.photos/seed/artist-aurora-vale/1000/1000'),
(2, 'Neon Tides', 'Synthwave', 'https://picsum.photos/seed/artist-neon-tides/1000/1000'),
(3, 'Marcus Reyes', 'R&B', 'https://picsum.photos/seed/artist-marcus-reyes/1000/1000'),
(4, 'Lila Sun', 'Folk', 'https://picsum.photos/seed/artist-lila-sun/1000/1000'),
(5, 'The Glass Echo', 'Alt Rock', 'https://picsum.photos/seed/artist-the-glass-echo/1000/1000'),
(6, 'Kojo Mensah', 'Afrobeat', 'https://picsum.photos/seed/artist-kojo-mensah/1000/1000'),
(7, 'Velvet Harbor', 'Dream Pop', 'https://picsum.photos/seed/artist-velvet-harbor/1000/1000'),
(8, 'Ines Moreau', 'Chanson', 'https://picsum.photos/seed/artist-ines-moreau/1000/1000'),
(9, 'Dust & Bloom', 'Americana', 'https://picsum.photos/seed/artist-dust-and-bloom/1000/1000'),
(10, 'Rhea Okafor', 'Soul', 'https://picsum.photos/seed/artist-rhea-okafor/1000/1000'),
(11, 'Pale Lantern', 'Ambient', 'https://picsum.photos/seed/artist-pale-lantern/1000/1000'),
(12, 'Tomoko Arai', 'City Pop', 'https://picsum.photos/seed/artist-tomoko-arai/1000/1000'),
(13, 'The Northern Drift', 'Post Rock', 'https://picsum.photos/seed/artist-the-northern-drift/1000/1000'),
(14, 'Sasha Belov', 'Electronic', 'https://picsum.photos/seed/artist-sasha-belov/1000/1000'),
(15, 'Coral Lane', 'Indie Folk', 'https://picsum.photos/seed/artist-coral-lane/1000/1000'),
(16, 'Mateo Cruz', 'Latin Pop', 'https://picsum.photos/seed/artist-mateo-cruz/1000/1000'),
(17, 'Wildwood Saints', 'Gospel Rock', 'https://picsum.photos/seed/artist-wildwood-saints/1000/1000'),
(18, 'Nadia Farouk', 'Arabic Pop', 'https://picsum.photos/seed/artist-nadia-farouk/1000/1000'),
(19, 'Silver Pines', 'Country', 'https://picsum.photos/seed/artist-silver-pines/1000/1000'),
(20, 'Jonah Brooks', 'Singer-Songwriter', 'https://picsum.photos/seed/artist-jonah-brooks/1000/1000');

-- ── INSERT ALBUMS ──
INSERT INTO albums (id, artist_id, title, release_year, cover_image) VALUES
(1, 1, 'Paper Hours', 2020, 'https://picsum.photos/seed/album-1/1000/1000'),
(2, 1, 'Frozen Cities', 2020, 'https://picsum.photos/seed/album-2/1000/1000'),
(3, 1, 'Broken Rooms', 2024, 'https://picsum.photos/seed/album-3/1000/1000'),
(4, 2, 'Quiet Mornings', 2019, 'https://picsum.photos/seed/album-4/1000/1000'),
(5, 2, 'Restless Seasons', 2023, 'https://picsum.photos/seed/album-5/1000/1000'),
(6, 2, 'Quiet Shores', 2025, 'https://picsum.photos/seed/album-6/1000/1000'),
(7, 3, 'Silver Voices', 2018, 'https://picsum.photos/seed/album-7/1000/1000'),
(8, 3, 'Restless Rooms', 2024, 'https://picsum.photos/seed/album-8/1000/1000'),
(9, 3, 'Midnight Cities', 2024, 'https://picsum.photos/seed/album-9/1000/1000'),
(10, 4, 'Sunlit Letters', 2017, 'https://picsum.photos/seed/album-10/1000/1000'),
(11, 4, 'Hollow Rooms', 2023, 'https://picsum.photos/seed/album-11/1000/1000'),
(12, 5, 'Gentle Horizons', 2018, 'https://picsum.photos/seed/album-12/1000/1000'),
(13, 5, 'Velvet Echoes', 2022, 'https://picsum.photos/seed/album-13/1000/1000'),
(14, 6, 'Midnight Memories', 2025, 'https://picsum.photos/seed/album-14/1000/1000'),
(15, 6, 'Paper Avenue', 2020, 'https://picsum.photos/seed/album-15/1000/1000'),
(16, 7, 'Electric Gardens', 2018, 'https://picsum.photos/seed/album-16/1000/1000'),
(17, 7, 'Quiet Tides', 2022, 'https://picsum.photos/seed/album-17/1000/1000'),
(18, 8, 'Hollow Hours', 2019, 'https://picsum.photos/seed/album-18/1000/1000'),
(19, 8, 'Golden Shores', 2016, 'https://picsum.photos/seed/album-19/1000/1000'),
(20, 9, 'Broken Tides', 2025, 'https://picsum.photos/seed/album-20/1000/1000'),
(21, 9, 'Hollow Roads', 2019, 'https://picsum.photos/seed/album-21/1000/1000'),
(22, 10, 'Endless Memories', 2016, 'https://picsum.photos/seed/album-22/1000/1000'),
(23, 10, 'Hollow Gardens', 2024, 'https://picsum.photos/seed/album-23/1000/1000'),
(24, 10, 'Faded Hours', 2025, 'https://picsum.photos/seed/album-24/1000/1000'),
(25, 11, 'Sunlit Avenue', 2023, 'https://picsum.photos/seed/album-25/1000/1000'),
(26, 11, 'Velvet Skies', 2016, 'https://picsum.photos/seed/album-26/1000/1000'),
(27, 11, 'Midnight Roads', 2025, 'https://picsum.photos/seed/album-27/1000/1000'),
(28, 12, 'Endless Gardens', 2025, 'https://picsum.photos/seed/album-28/1000/1000'),
(29, 12, 'Midnight Voices', 2019, 'https://picsum.photos/seed/album-29/1000/1000'),
(30, 13, 'Neon Shores', 2024, 'https://picsum.photos/seed/album-30/1000/1000'),
(31, 13, 'Quiet Roads', 2016, 'https://picsum.photos/seed/album-31/1000/1000'),
(32, 13, 'Velvet Seasons', 2023, 'https://picsum.photos/seed/album-32/1000/1000'),
(33, 14, 'Wandering Cities', 2022, 'https://picsum.photos/seed/album-33/1000/1000'),
(34, 14, 'Wandering Memories', 2017, 'https://picsum.photos/seed/album-34/1000/1000'),
(35, 15, 'Wandering Seasons', 2020, 'https://picsum.photos/seed/album-35/1000/1000'),
(36, 15, 'Sunlit Lights', 2021, 'https://picsum.photos/seed/album-36/1000/1000'),
(37, 16, 'Frozen Shores', 2016, 'https://picsum.photos/seed/album-37/1000/1000'),
(38, 16, 'Gentle Hours', 2024, 'https://picsum.photos/seed/album-38/1000/1000'),
(39, 16, 'Endless Gardens', 2016, 'https://picsum.photos/seed/album-39/1000/1000'),
(40, 17, 'Electric Horizons', 2016, 'https://picsum.photos/seed/album-40/1000/1000'),
(41, 17, 'Velvet Lights', 2024, 'https://picsum.photos/seed/album-41/1000/1000'),
(42, 17, 'Sunlit Cities', 2018, 'https://picsum.photos/seed/album-42/1000/1000'),
(43, 18, 'Faded Roads', 2022, 'https://picsum.photos/seed/album-43/1000/1000'),
(44, 18, 'Hollow Embers', 2021, 'https://picsum.photos/seed/album-44/1000/1000'),
(45, 19, 'Neon Voices', 2024, 'https://picsum.photos/seed/album-45/1000/1000'),
(46, 19, 'Silver Cities', 2022, 'https://picsum.photos/seed/album-46/1000/1000'),
(47, 19, 'Gentle Avenue', 2022, 'https://picsum.photos/seed/album-47/1000/1000'),
(48, 20, 'Crimson Embers', 2016, 'https://picsum.photos/seed/album-48/1000/1000'),
(49, 20, 'Electric Avenue', 2024, 'https://picsum.photos/seed/album-49/1000/1000'),
(50, 20, 'Endless Echoes', 2025, 'https://picsum.photos/seed/album-50/1000/1000');

-- ── INSERT SONGS ──
INSERT INTO songs (id, album_id, track_number, title, duration_seconds, cover_image, youtube_url) VALUES
(1, 1, 1, 'Lost Away', 176, 'https://picsum.photos/seed/song-1/800/800', 'https://www.youtube.com/watch?v=YQHsXMglC9A'),
(2, 1, 2, 'Bright in the Dark', 258, 'https://picsum.photos/seed/song-2/800/800', 'https://www.youtube.com/watch?v=dQw4w9WgXcQ'),
(3, 1, 3, 'Run in the Dark', 205, 'https://picsum.photos/seed/song-3/800/800', 'https://www.youtube.com/watch?v=OPf0YbXqDm0'),
(4, 1, 4, 'Heavy Alright', 156, 'https://picsum.photos/seed/song-4/800/800', 'https://www.youtube.com/watch?v=hT_nvWreIhg'),
(5, 1, 5, 'Holding at Dawn', 257, 'https://picsum.photos/seed/song-5/800/800', 'https://www.youtube.com/watch?v=OPf0YbXqDm0'),
(6, 2, 1, 'Closer in Color', 237, 'https://picsum.photos/seed/song-6/800/800', 'https://www.youtube.com/watch?v=fJ9rUzIMcZQ'),
(7, 2, 2, 'Waiting Forever', 236, 'https://picsum.photos/seed/song-7/800/800', 'https://www.youtube.com/watch?v=9bZkp7q19f0'),
(8, 2, 3, 'Falling Slowly', 174, 'https://picsum.photos/seed/song-8/800/800', 'https://www.youtube.com/watch?v=JGwWNGJdvx8'),
(9, 2, 4, 'Rising Alright', 217, 'https://picsum.photos/seed/song-9/800/800', 'https://www.youtube.com/watch?v=60ItHLz5WEA'),
(10, 2, 5, 'Stay Anyway', 181, 'https://picsum.photos/seed/song-10/800/800', 'https://www.youtube.com/watch?v=tt2k8PGm-TI'),
(11, 3, 1, 'After Tomorrow', 199, 'https://picsum.photos/seed/song-11/800/800', 'https://www.youtube.com/watch?v=e-ORhEE9VVg'),
(12, 3, 2, 'Falling With You', 208, 'https://picsum.photos/seed/song-12/800/800', 'https://www.youtube.com/watch?v=60ItHLz5WEA'),
(13, 3, 3, 'Breathe in the Dark', 209, 'https://picsum.photos/seed/song-13/800/800', 'https://www.youtube.com/watch?v=2vjPBrBU-TM'),
(14, 3, 4, 'Burning Slowly', 221, 'https://picsum.photos/seed/song-14/800/800', 'https://www.youtube.com/watch?v=CevxZvSJLk8'),
(15, 3, 5, 'Rising Home', 244, 'https://picsum.photos/seed/song-15/800/800', 'https://www.youtube.com/watch?v=JGwWNGJdvx8'),
(16, 3, 6, 'Holding Like This', 168, 'https://picsum.photos/seed/song-16/800/800', 'https://www.youtube.com/watch?v=09R8_2nJtjg'),
(17, 4, 1, 'Wonder Slowly', 219, 'https://picsum.photos/seed/song-17/800/800', 'https://www.youtube.com/watch?v=tt2k8PGm-TI'),
(18, 4, 2, 'Bright Through It', 233, 'https://picsum.photos/seed/song-18/800/800', 'https://www.youtube.com/watch?v=2vjPBrBU-TM'),
(19, 4, 3, 'Stay Through It', 158, 'https://picsum.photos/seed/song-19/800/800', 'https://www.youtube.com/watch?v=60ItHLz5WEA'),
(20, 4, 4, 'Shadow Slowly', 218, 'https://picsum.photos/seed/song-20/800/800', 'https://www.youtube.com/watch?v=9bZkp7q19f0'),
(21, 4, 5, 'Holding Once More', 230, 'https://picsum.photos/seed/song-21/800/800', 'https://www.youtube.com/watch?v=OPf0YbXqDm0'),
(22, 5, 1, 'Dancing Away', 213, 'https://picsum.photos/seed/song-22/800/800', 'https://www.youtube.com/watch?v=e-ORhEE9VVg'),
(23, 5, 2, 'Bright at Dawn', 217, 'https://picsum.photos/seed/song-23/800/800', 'https://www.youtube.com/watch?v=e-ORhEE9VVg'),
(24, 5, 3, 'Empty in Color', 252, 'https://picsum.photos/seed/song-24/800/800', 'https://www.youtube.com/watch?v=JGwWNGJdvx8'),
(25, 5, 4, 'Lost Away', 280, 'https://picsum.photos/seed/song-25/800/800', 'https://www.youtube.com/watch?v=CevxZvSJLk8'),
(26, 5, 5, 'Falling With You', 178, 'https://picsum.photos/seed/song-26/800/800', 'https://www.youtube.com/watch?v=kJQP7kiw5Fk'),
(27, 6, 1, 'Drifting Slowly', 269, 'https://picsum.photos/seed/song-27/800/800', 'https://www.youtube.com/watch?v=hT_nvWreIhg'),
(28, 6, 2, 'Dancing at Dawn', 152, 'https://picsum.photos/seed/song-28/800/800', 'https://www.youtube.com/watch?v=YQHsXMglC9A'),
(29, 6, 3, 'Burning at Dawn', 218, 'https://picsum.photos/seed/song-29/800/800', 'https://www.youtube.com/watch?v=60ItHLz5WEA'),
(30, 6, 4, 'Shadow Again', 225, 'https://picsum.photos/seed/song-30/800/800', 'https://www.youtube.com/watch?v=RgKAFK5djSk'),
(31, 6, 5, 'Closer Anyway', 150, 'https://picsum.photos/seed/song-31/800/800', 'https://www.youtube.com/watch?v=e-ORhEE9VVg'),
(32, 7, 1, 'Breathe Out Loud', 200, 'https://picsum.photos/seed/song-32/800/800', 'https://www.youtube.com/watch?v=kJQP7kiw5Fk'),
(33, 7, 2, 'Rising Home', 150, 'https://picsum.photos/seed/song-33/800/800', 'https://www.youtube.com/watch?v=09R8_2nJtjg'),
(34, 7, 3, 'Shadow for Real', 154, 'https://picsum.photos/seed/song-34/800/800', 'https://www.youtube.com/watch?v=9bZkp7q19f0'),
(35, 7, 4, 'Rising on the Radio', 211, 'https://picsum.photos/seed/song-35/800/800', 'https://www.youtube.com/watch?v=dQw4w9WgXcQ'),
(36, 7, 5, 'Lost Once More', 170, 'https://picsum.photos/seed/song-36/800/800', 'https://www.youtube.com/watch?v=9bZkp7q19f0'),
(37, 8, 1, 'Waiting for Real', 192, 'https://picsum.photos/seed/song-37/800/800', 'https://www.youtube.com/watch?v=fJ9rUzIMcZQ'),
(38, 8, 2, 'Heavy Alright', 258, 'https://picsum.photos/seed/song-38/800/800', 'https://www.youtube.com/watch?v=OPf0YbXqDm0'),
(39, 8, 3, 'Bright Forever', 229, 'https://picsum.photos/seed/song-39/800/800', 'https://www.youtube.com/watch?v=RgKAFK5djSk'),
(40, 8, 4, 'Rising Anyway', 265, 'https://picsum.photos/seed/song-40/800/800', 'https://www.youtube.com/watch?v=9bZkp7q19f0'),
(41, 8, 5, 'Lost Through It', 166, 'https://picsum.photos/seed/song-41/800/800', 'https://www.youtube.com/watch?v=JGwWNGJdvx8'),
(42, 9, 1, 'Empty Through It', 151, 'https://picsum.photos/seed/song-42/800/800', 'https://www.youtube.com/watch?v=9bZkp7q19f0'),
(43, 9, 2, 'Stay Through It', 167, 'https://picsum.photos/seed/song-43/800/800', 'https://www.youtube.com/watch?v=tt2k8PGm-TI'),
(44, 9, 3, 'Stay of Gold', 168, 'https://picsum.photos/seed/song-44/800/800', 'https://www.youtube.com/watch?v=hT_nvWreIhg'),
(45, 9, 4, 'Lost Like This', 274, 'https://picsum.photos/seed/song-45/800/800', 'https://www.youtube.com/watch?v=OPf0YbXqDm0'),
(46, 9, 5, 'Bright Away', 271, 'https://picsum.photos/seed/song-46/800/800', 'https://www.youtube.com/watch?v=OPf0YbXqDm0'),
(47, 10, 1, 'Coming Tomorrow', 258, 'https://picsum.photos/seed/song-47/800/800', 'https://www.youtube.com/watch?v=RgKAFK5djSk'),
(48, 10, 2, 'Wonder With You', 175, 'https://picsum.photos/seed/song-48/800/800', 'https://www.youtube.com/watch?v=dQw4w9WgXcQ'),
(49, 10, 3, 'Drifting of Gold', 177, 'https://picsum.photos/seed/song-49/800/800', 'https://www.youtube.com/watch?v=OPf0YbXqDm0'),
(50, 10, 4, 'Holding Forever', 264, 'https://picsum.photos/seed/song-50/800/800', 'https://www.youtube.com/watch?v=kJQP7kiw5Fk'),
(51, 10, 5, 'Coming Home', 221, 'https://picsum.photos/seed/song-51/800/800', 'https://www.youtube.com/watch?v=CevxZvSJLk8'),
(52, 11, 1, 'Stay at Dawn', 153, 'https://picsum.photos/seed/song-52/800/800', 'https://www.youtube.com/watch?v=9bZkp7q19f0'),
(53, 11, 2, 'Lost Home', 254, 'https://picsum.photos/seed/song-53/800/800', 'https://www.youtube.com/watch?v=CevxZvSJLk8'),
(54, 11, 3, 'Slow Forever', 252, 'https://picsum.photos/seed/song-54/800/800', 'https://www.youtube.com/watch?v=tt2k8PGm-TI'),
(55, 11, 4, 'Stay Home', 247, 'https://picsum.photos/seed/song-55/800/800', 'https://www.youtube.com/watch?v=dQw4w9WgXcQ'),
(56, 11, 5, 'Drifting Like This', 266, 'https://picsum.photos/seed/song-56/800/800', 'https://www.youtube.com/watch?v=fJ9rUzIMcZQ'),
(57, 12, 1, 'Breathe Forever', 164, 'https://picsum.photos/seed/song-57/800/800', 'https://www.youtube.com/watch?v=09R8_2nJtjg'),
(58, 12, 2, 'Bright With You', 230, 'https://picsum.photos/seed/song-58/800/800', 'https://www.youtube.com/watch?v=dQw4w9WgXcQ'),
(59, 12, 3, 'Stay Once More', 272, 'https://picsum.photos/seed/song-59/800/800', 'https://www.youtube.com/watch?v=hT_nvWreIhg'),
(60, 12, 4, 'Heavy Home', 164, 'https://picsum.photos/seed/song-60/800/800', 'https://www.youtube.com/watch?v=hT_nvWreIhg'),
(61, 12, 5, 'Falling Home', 167, 'https://picsum.photos/seed/song-61/800/800', 'https://www.youtube.com/watch?v=09R8_2nJtjg'),
(62, 13, 1, 'Empty Through It', 160, 'https://picsum.photos/seed/song-62/800/800', 'https://www.youtube.com/watch?v=09R8_2nJtjg'),
(63, 13, 2, 'Falling in Color', 230, 'https://picsum.photos/seed/song-63/800/800', 'https://www.youtube.com/watch?v=tt2k8PGm-TI'),
(64, 13, 3, 'Dancing Forever', 230, 'https://picsum.photos/seed/song-64/800/800', 'https://www.youtube.com/watch?v=OPf0YbXqDm0'),
(65, 13, 4, 'Dancing Slowly', 183, 'https://picsum.photos/seed/song-65/800/800', 'https://www.youtube.com/watch?v=YQHsXMglC9A'),
(66, 13, 5, 'Breathe Anyway', 230, 'https://picsum.photos/seed/song-66/800/800', 'https://www.youtube.com/watch?v=tt2k8PGm-TI'),
(67, 14, 1, 'Falling at Dawn', 204, 'https://picsum.photos/seed/song-67/800/800', 'https://www.youtube.com/watch?v=hT_nvWreIhg'),
(68, 14, 2, 'Dancing Away', 239, 'https://picsum.photos/seed/song-68/800/800', 'https://www.youtube.com/watch?v=tt2k8PGm-TI'),
(69, 14, 3, 'Falling Through It', 244, 'https://picsum.photos/seed/song-69/800/800', 'https://www.youtube.com/watch?v=fJ9rUzIMcZQ'),
(70, 14, 4, 'Closer Anyway', 227, 'https://picsum.photos/seed/song-70/800/800', 'https://www.youtube.com/watch?v=09R8_2nJtjg'),
(71, 14, 5, 'Heavy Tonight', 226, 'https://picsum.photos/seed/song-71/800/800', 'https://www.youtube.com/watch?v=tt2k8PGm-TI'),
(72, 15, 1, 'Burning at Dawn', 189, 'https://picsum.photos/seed/song-72/800/800', 'https://www.youtube.com/watch?v=fJ9rUzIMcZQ'),
(73, 15, 2, 'Breathe Alright', 203, 'https://picsum.photos/seed/song-73/800/800', 'https://www.youtube.com/watch?v=e-ORhEE9VVg'),
(74, 15, 3, 'Shadow Forever', 217, 'https://picsum.photos/seed/song-74/800/800', 'https://www.youtube.com/watch?v=hT_nvWreIhg'),
(75, 15, 4, 'Slow Like This', 163, 'https://picsum.photos/seed/song-75/800/800', 'https://www.youtube.com/watch?v=9bZkp7q19f0'),
(76, 15, 5, 'Coming Like This', 161, 'https://picsum.photos/seed/song-76/800/800', 'https://www.youtube.com/watch?v=dQw4w9WgXcQ'),
(77, 16, 1, 'Bright in Color', 152, 'https://picsum.photos/seed/song-77/800/800', 'https://www.youtube.com/watch?v=9bZkp7q19f0'),
(78, 16, 2, 'Falling Away', 159, 'https://picsum.photos/seed/song-78/800/800', 'https://www.youtube.com/watch?v=2vjPBrBU-TM'),
(79, 16, 3, 'Rising Once More', 187, 'https://picsum.photos/seed/song-79/800/800', 'https://www.youtube.com/watch?v=RgKAFK5djSk'),
(80, 16, 4, 'Waiting With You', 228, 'https://picsum.photos/seed/song-80/800/800', 'https://www.youtube.com/watch?v=JGwWNGJdvx8'),
(81, 16, 5, 'Stay Tomorrow', 203, 'https://picsum.photos/seed/song-81/800/800', 'https://www.youtube.com/watch?v=YQHsXMglC9A'),
(82, 16, 6, 'Lost Again', 240, 'https://picsum.photos/seed/song-82/800/800', 'https://www.youtube.com/watch?v=60ItHLz5WEA'),
(83, 16, 7, 'After Away', 210, 'https://picsum.photos/seed/song-83/800/800', 'https://www.youtube.com/watch?v=2vjPBrBU-TM'),
(84, 17, 1, 'Closer of Gold', 255, 'https://picsum.photos/seed/song-84/800/800', 'https://www.youtube.com/watch?v=60ItHLz5WEA'),
(85, 17, 2, 'Lost Like This', 190, 'https://picsum.photos/seed/song-85/800/800', 'https://www.youtube.com/watch?v=60ItHLz5WEA'),
(86, 17, 3, 'Burning Slowly', 159, 'https://picsum.photos/seed/song-86/800/800', 'https://www.youtube.com/watch?v=2vjPBrBU-TM'),
(87, 17, 4, 'Slow Through It', 201, 'https://picsum.photos/seed/song-87/800/800', 'https://www.youtube.com/watch?v=2vjPBrBU-TM'),
(88, 17, 5, 'Wonder Tomorrow', 228, 'https://picsum.photos/seed/song-88/800/800', 'https://www.youtube.com/watch?v=2vjPBrBU-TM'),
(89, 18, 1, 'Shadow Like This', 167, 'https://picsum.photos/seed/song-89/800/800', 'https://www.youtube.com/watch?v=60ItHLz5WEA'),
(90, 18, 2, 'Dancing Tomorrow', 280, 'https://picsum.photos/seed/song-90/800/800', 'https://www.youtube.com/watch?v=RgKAFK5djSk'),
(91, 18, 3, 'Bright of Gold', 157, 'https://picsum.photos/seed/song-91/800/800', 'https://www.youtube.com/watch?v=9bZkp7q19f0'),
(92, 18, 4, 'Dancing Home', 217, 'https://picsum.photos/seed/song-92/800/800', 'https://www.youtube.com/watch?v=dQw4w9WgXcQ'),
(93, 18, 5, 'Burning Alright', 261, 'https://picsum.photos/seed/song-93/800/800', 'https://www.youtube.com/watch?v=JGwWNGJdvx8'),
(94, 18, 6, 'Shadow in Color', 280, 'https://picsum.photos/seed/song-94/800/800', 'https://www.youtube.com/watch?v=9bZkp7q19f0'),
(95, 18, 7, 'Drifting Once More', 198, 'https://picsum.photos/seed/song-95/800/800', 'https://www.youtube.com/watch?v=fJ9rUzIMcZQ'),
(96, 19, 1, 'Rising in Color', 167, 'https://picsum.photos/seed/song-96/800/800', 'https://www.youtube.com/watch?v=YQHsXMglC9A'),
(97, 19, 2, 'Shadow Alright', 230, 'https://picsum.photos/seed/song-97/800/800', 'https://www.youtube.com/watch?v=YQHsXMglC9A'),
(98, 19, 3, 'Burning on the Radio', 279, 'https://picsum.photos/seed/song-98/800/800', 'https://www.youtube.com/watch?v=fJ9rUzIMcZQ'),
(99, 19, 4, 'Coming of Gold', 253, 'https://picsum.photos/seed/song-99/800/800', 'https://www.youtube.com/watch?v=e-ORhEE9VVg'),
(100, 19, 5, 'Breathe at Dawn', 182, 'https://picsum.photos/seed/song-100/800/800', 'https://www.youtube.com/watch?v=OPf0YbXqDm0'),
(101, 20, 1, 'Drifting at Dawn', 150, 'https://picsum.photos/seed/song-101/800/800', 'https://www.youtube.com/watch?v=fJ9rUzIMcZQ'),
(102, 20, 2, 'Breathe Forever', 260, 'https://picsum.photos/seed/song-102/800/800', 'https://www.youtube.com/watch?v=60ItHLz5WEA'),
(103, 20, 3, 'Empty Alright', 232, 'https://picsum.photos/seed/song-103/800/800', 'https://www.youtube.com/watch?v=CevxZvSJLk8'),
(104, 20, 4, 'Wonder Anyway', 204, 'https://picsum.photos/seed/song-104/800/800', 'https://www.youtube.com/watch?v=hT_nvWreIhg'),
(105, 20, 5, 'Slow Home', 171, 'https://picsum.photos/seed/song-105/800/800', 'https://www.youtube.com/watch?v=fJ9rUzIMcZQ'),
(106, 20, 6, 'Heavy Alright', 235, 'https://picsum.photos/seed/song-106/800/800', 'https://www.youtube.com/watch?v=9bZkp7q19f0'),
(107, 21, 1, 'Waiting Tonight', 161, 'https://picsum.photos/seed/song-107/800/800', 'https://www.youtube.com/watch?v=OPf0YbXqDm0'),
(108, 21, 2, 'Slow Alright', 168, 'https://picsum.photos/seed/song-108/800/800', 'https://www.youtube.com/watch?v=CevxZvSJLk8'),
(109, 21, 3, 'Coming Once More', 199, 'https://picsum.photos/seed/song-109/800/800', 'https://www.youtube.com/watch?v=e-ORhEE9VVg'),
(110, 21, 4, 'Drifting for Real', 252, 'https://picsum.photos/seed/song-110/800/800', 'https://www.youtube.com/watch?v=OPf0YbXqDm0'),
(111, 21, 5, 'Burning in Color', 206, 'https://picsum.photos/seed/song-111/800/800', 'https://www.youtube.com/watch?v=kJQP7kiw5Fk'),
(112, 22, 1, 'Burning Anyway', 184, 'https://picsum.photos/seed/song-112/800/800', 'https://www.youtube.com/watch?v=60ItHLz5WEA'),
(113, 22, 2, 'Wonder Out Loud', 231, 'https://picsum.photos/seed/song-113/800/800', 'https://www.youtube.com/watch?v=60ItHLz5WEA'),
(114, 22, 3, 'Wonder Alright', 279, 'https://picsum.photos/seed/song-114/800/800', 'https://www.youtube.com/watch?v=RgKAFK5djSk'),
(115, 22, 4, 'Bright Anyway', 190, 'https://picsum.photos/seed/song-115/800/800', 'https://www.youtube.com/watch?v=e-ORhEE9VVg'),
(116, 22, 5, 'Slow Anyway', 216, 'https://picsum.photos/seed/song-116/800/800', 'https://www.youtube.com/watch?v=60ItHLz5WEA'),
(117, 23, 1, 'Lost Like This', 262, 'https://picsum.photos/seed/song-117/800/800', 'https://www.youtube.com/watch?v=9bZkp7q19f0'),
(118, 23, 2, 'Breathe Through It', 219, 'https://picsum.photos/seed/song-118/800/800', 'https://www.youtube.com/watch?v=JGwWNGJdvx8'),
(119, 23, 3, 'Shadow at Dawn', 170, 'https://picsum.photos/seed/song-119/800/800', 'https://www.youtube.com/watch?v=kJQP7kiw5Fk'),
(120, 23, 4, 'Waiting Through It', 248, 'https://picsum.photos/seed/song-120/800/800', 'https://www.youtube.com/watch?v=e-ORhEE9VVg'),
(121, 23, 5, 'Waiting Forever', 166, 'https://picsum.photos/seed/song-121/800/800', 'https://www.youtube.com/watch?v=RgKAFK5djSk'),
(122, 23, 6, 'Coming of Gold', 269, 'https://picsum.photos/seed/song-122/800/800', 'https://www.youtube.com/watch?v=RgKAFK5djSk'),
(123, 23, 7, 'Stay Forever', 257, 'https://picsum.photos/seed/song-123/800/800', 'https://www.youtube.com/watch?v=RgKAFK5djSk'),
(124, 24, 1, 'Slow Tonight', 240, 'https://picsum.photos/seed/song-124/800/800', 'https://www.youtube.com/watch?v=fJ9rUzIMcZQ'),
(125, 24, 2, 'Drifting in Color', 206, 'https://picsum.photos/seed/song-125/800/800', 'https://www.youtube.com/watch?v=CevxZvSJLk8'),
(126, 24, 3, 'Lost Like This', 261, 'https://picsum.photos/seed/song-126/800/800', 'https://www.youtube.com/watch?v=CevxZvSJLk8'),
(127, 24, 4, 'Run Slowly', 236, 'https://picsum.photos/seed/song-127/800/800', 'https://www.youtube.com/watch?v=YQHsXMglC9A'),
(128, 24, 5, 'Drifting Home', 269, 'https://picsum.photos/seed/song-128/800/800', 'https://www.youtube.com/watch?v=tt2k8PGm-TI'),
(129, 24, 6, 'Waiting Alright', 156, 'https://picsum.photos/seed/song-129/800/800', 'https://www.youtube.com/watch?v=tt2k8PGm-TI'),
(130, 24, 7, 'Drifting Once More', 156, 'https://picsum.photos/seed/song-130/800/800', 'https://www.youtube.com/watch?v=9bZkp7q19f0'),
(131, 25, 1, 'Stay Like This', 247, 'https://picsum.photos/seed/song-131/800/800', 'https://www.youtube.com/watch?v=JGwWNGJdvx8'),
(132, 25, 2, 'Holding Anyway', 233, 'https://picsum.photos/seed/song-132/800/800', 'https://www.youtube.com/watch?v=JGwWNGJdvx8'),
(133, 25, 3, 'Drifting Like This', 257, 'https://picsum.photos/seed/song-133/800/800', 'https://www.youtube.com/watch?v=fJ9rUzIMcZQ'),
(134, 25, 4, 'Falling for Real', 154, 'https://picsum.photos/seed/song-134/800/800', 'https://www.youtube.com/watch?v=e-ORhEE9VVg'),
(135, 25, 5, 'Bright With You', 239, 'https://picsum.photos/seed/song-135/800/800', 'https://www.youtube.com/watch?v=OPf0YbXqDm0'),
(136, 26, 1, 'Holding Tonight', 189, 'https://picsum.photos/seed/song-136/800/800', 'https://www.youtube.com/watch?v=OPf0YbXqDm0'),
(137, 26, 2, 'Waiting for Real', 179, 'https://picsum.photos/seed/song-137/800/800', 'https://www.youtube.com/watch?v=09R8_2nJtjg'),
(138, 26, 3, 'Holding Anyway', 215, 'https://picsum.photos/seed/song-138/800/800', 'https://www.youtube.com/watch?v=60ItHLz5WEA'),
(139, 26, 4, 'Rising Home', 179, 'https://picsum.photos/seed/song-139/800/800', 'https://www.youtube.com/watch?v=60ItHLz5WEA'),
(140, 26, 5, 'Closer on the Radio', 177, 'https://picsum.photos/seed/song-140/800/800', 'https://www.youtube.com/watch?v=09R8_2nJtjg'),
(141, 27, 1, 'Drifting Forever', 169, 'https://picsum.photos/seed/song-141/800/800', 'https://www.youtube.com/watch?v=09R8_2nJtjg'),
(142, 27, 2, 'Lost Again', 227, 'https://picsum.photos/seed/song-142/800/800', 'https://www.youtube.com/watch?v=2vjPBrBU-TM'),
(143, 27, 3, 'After Again', 160, 'https://picsum.photos/seed/song-143/800/800', 'https://www.youtube.com/watch?v=JGwWNGJdvx8'),
(144, 27, 4, 'Bright in Color', 244, 'https://picsum.photos/seed/song-144/800/800', 'https://www.youtube.com/watch?v=9bZkp7q19f0'),
(145, 27, 5, 'Heavy of Gold', 153, 'https://picsum.photos/seed/song-145/800/800', 'https://www.youtube.com/watch?v=2vjPBrBU-TM'),
(146, 27, 6, 'Coming for Real', 177, 'https://picsum.photos/seed/song-146/800/800', 'https://www.youtube.com/watch?v=RgKAFK5djSk'),
(147, 27, 7, 'Rising Anyway', 189, 'https://picsum.photos/seed/song-147/800/800', 'https://www.youtube.com/watch?v=RgKAFK5djSk'),
(148, 28, 1, 'Wonder in Color', 218, 'https://picsum.photos/seed/song-148/800/800', 'https://www.youtube.com/watch?v=JGwWNGJdvx8'),
(149, 28, 2, 'Lost in the Dark', 221, 'https://picsum.photos/seed/song-149/800/800', 'https://www.youtube.com/watch?v=tt2k8PGm-TI'),
(150, 28, 3, 'Wonder Through It', 268, 'https://picsum.photos/seed/song-150/800/800', 'https://www.youtube.com/watch?v=09R8_2nJtjg'),
(151, 28, 4, 'After Slowly', 236, 'https://picsum.photos/seed/song-151/800/800', 'https://www.youtube.com/watch?v=dQw4w9WgXcQ'),
(152, 28, 5, 'Slow of Gold', 196, 'https://picsum.photos/seed/song-152/800/800', 'https://www.youtube.com/watch?v=CevxZvSJLk8'),
(153, 28, 6, 'Holding Tomorrow', 216, 'https://picsum.photos/seed/song-153/800/800', 'https://www.youtube.com/watch?v=JGwWNGJdvx8'),
(154, 28, 7, 'Dancing Alright', 220, 'https://picsum.photos/seed/song-154/800/800', 'https://www.youtube.com/watch?v=hT_nvWreIhg'),
(155, 29, 1, 'Lost in Color', 275, 'https://picsum.photos/seed/song-155/800/800', 'https://www.youtube.com/watch?v=hT_nvWreIhg'),
(156, 29, 2, 'Lost for Real', 275, 'https://picsum.photos/seed/song-156/800/800', 'https://www.youtube.com/watch?v=CevxZvSJLk8'),
(157, 29, 3, 'Run in the Dark', 225, 'https://picsum.photos/seed/song-157/800/800', 'https://www.youtube.com/watch?v=OPf0YbXqDm0'),
(158, 29, 4, 'Drifting Through It', 228, 'https://picsum.photos/seed/song-158/800/800', 'https://www.youtube.com/watch?v=YQHsXMglC9A'),
(159, 29, 5, 'Empty Tomorrow', 271, 'https://picsum.photos/seed/song-159/800/800', 'https://www.youtube.com/watch?v=hT_nvWreIhg'),
(160, 30, 1, 'Rising Anyway', 219, 'https://picsum.photos/seed/song-160/800/800', 'https://www.youtube.com/watch?v=fJ9rUzIMcZQ'),
(161, 30, 2, 'Dancing Through It', 180, 'https://picsum.photos/seed/song-161/800/800', 'https://www.youtube.com/watch?v=e-ORhEE9VVg'),
(162, 30, 3, 'Holding of Gold', 180, 'https://picsum.photos/seed/song-162/800/800', 'https://www.youtube.com/watch?v=e-ORhEE9VVg'),
(163, 30, 4, 'Bright Home', 199, 'https://picsum.photos/seed/song-163/800/800', 'https://www.youtube.com/watch?v=OPf0YbXqDm0'),
(164, 30, 5, 'Slow Like This', 222, 'https://picsum.photos/seed/song-164/800/800', 'https://www.youtube.com/watch?v=9bZkp7q19f0'),
(165, 30, 6, 'Holding on the Radio', 208, 'https://picsum.photos/seed/song-165/800/800', 'https://www.youtube.com/watch?v=JGwWNGJdvx8'),
(166, 31, 1, 'Dancing With You', 163, 'https://picsum.photos/seed/song-166/800/800', 'https://www.youtube.com/watch?v=hT_nvWreIhg'),
(167, 31, 2, 'Breathe Away', 275, 'https://picsum.photos/seed/song-167/800/800', 'https://www.youtube.com/watch?v=9bZkp7q19f0'),
(168, 31, 3, 'Run Once More', 222, 'https://picsum.photos/seed/song-168/800/800', 'https://www.youtube.com/watch?v=CevxZvSJLk8'),
(169, 31, 4, 'Slow Anyway', 237, 'https://picsum.photos/seed/song-169/800/800', 'https://www.youtube.com/watch?v=kJQP7kiw5Fk'),
(170, 31, 5, 'Stay Like This', 272, 'https://picsum.photos/seed/song-170/800/800', 'https://www.youtube.com/watch?v=9bZkp7q19f0'),
(171, 32, 1, 'Empty With You', 188, 'https://picsum.photos/seed/song-171/800/800', 'https://www.youtube.com/watch?v=kJQP7kiw5Fk'),
(172, 32, 2, 'Empty on the Radio', 171, 'https://picsum.photos/seed/song-172/800/800', 'https://www.youtube.com/watch?v=OPf0YbXqDm0'),
(173, 32, 3, 'Burning at Dawn', 256, 'https://picsum.photos/seed/song-173/800/800', 'https://www.youtube.com/watch?v=09R8_2nJtjg'),
(174, 32, 4, 'After Alright', 207, 'https://picsum.photos/seed/song-174/800/800', 'https://www.youtube.com/watch?v=60ItHLz5WEA'),
(175, 32, 5, 'Heavy Slowly', 265, 'https://picsum.photos/seed/song-175/800/800', 'https://www.youtube.com/watch?v=tt2k8PGm-TI'),
(176, 33, 1, 'Empty Alright', 165, 'https://picsum.photos/seed/song-176/800/800', 'https://www.youtube.com/watch?v=09R8_2nJtjg'),
(177, 33, 2, 'Burning Forever', 204, 'https://picsum.photos/seed/song-177/800/800', 'https://www.youtube.com/watch?v=fJ9rUzIMcZQ'),
(178, 33, 3, 'Falling Home', 211, 'https://picsum.photos/seed/song-178/800/800', 'https://www.youtube.com/watch?v=kJQP7kiw5Fk'),
(179, 33, 4, 'Bright in the Dark', 190, 'https://picsum.photos/seed/song-179/800/800', 'https://www.youtube.com/watch?v=dQw4w9WgXcQ'),
(180, 33, 5, 'Coming Anyway', 270, 'https://picsum.photos/seed/song-180/800/800', 'https://www.youtube.com/watch?v=fJ9rUzIMcZQ'),
(181, 33, 6, 'Stay Through It', 223, 'https://picsum.photos/seed/song-181/800/800', 'https://www.youtube.com/watch?v=e-ORhEE9VVg'),
(182, 34, 1, 'Dancing Once More', 200, 'https://picsum.photos/seed/song-182/800/800', 'https://www.youtube.com/watch?v=RgKAFK5djSk'),
(183, 34, 2, 'Burning at Dawn', 207, 'https://picsum.photos/seed/song-183/800/800', 'https://www.youtube.com/watch?v=YQHsXMglC9A'),
(184, 34, 3, 'Waiting Like This', 186, 'https://picsum.photos/seed/song-184/800/800', 'https://www.youtube.com/watch?v=9bZkp7q19f0'),
(185, 34, 4, 'Stay Home', 228, 'https://picsum.photos/seed/song-185/800/800', 'https://www.youtube.com/watch?v=09R8_2nJtjg'),
(186, 34, 5, 'Empty on the Radio', 262, 'https://picsum.photos/seed/song-186/800/800', 'https://www.youtube.com/watch?v=9bZkp7q19f0'),
(187, 35, 1, 'Wonder in the Dark', 160, 'https://picsum.photos/seed/song-187/800/800', 'https://www.youtube.com/watch?v=tt2k8PGm-TI'),
(188, 35, 2, 'Coming of Gold', 214, 'https://picsum.photos/seed/song-188/800/800', 'https://www.youtube.com/watch?v=dQw4w9WgXcQ'),
(189, 35, 3, 'Falling Through It', 155, 'https://picsum.photos/seed/song-189/800/800', 'https://www.youtube.com/watch?v=60ItHLz5WEA'),
(190, 35, 4, 'Dancing Once More', 160, 'https://picsum.photos/seed/song-190/800/800', 'https://www.youtube.com/watch?v=60ItHLz5WEA'),
(191, 35, 5, 'Closer for Real', 263, 'https://picsum.photos/seed/song-191/800/800', 'https://www.youtube.com/watch?v=tt2k8PGm-TI'),
(192, 35, 6, 'Dancing Home', 261, 'https://picsum.photos/seed/song-192/800/800', 'https://www.youtube.com/watch?v=YQHsXMglC9A'),
(193, 35, 7, 'Slow in the Dark', 270, 'https://picsum.photos/seed/song-193/800/800', 'https://www.youtube.com/watch?v=JGwWNGJdvx8'),
(194, 36, 1, 'Closer of Gold', 255, 'https://picsum.photos/seed/song-194/800/800', 'https://www.youtube.com/watch?v=e-ORhEE9VVg'),
(195, 36, 2, 'Slow on the Radio', 252, 'https://picsum.photos/seed/song-195/800/800', 'https://www.youtube.com/watch?v=2vjPBrBU-TM'),
(196, 36, 3, 'Bright With You', 266, 'https://picsum.photos/seed/song-196/800/800', 'https://www.youtube.com/watch?v=9bZkp7q19f0'),
(197, 36, 4, 'Shadow Like This', 232, 'https://picsum.photos/seed/song-197/800/800', 'https://www.youtube.com/watch?v=9bZkp7q19f0'),
(198, 36, 5, 'Drifting Out Loud', 150, 'https://picsum.photos/seed/song-198/800/800', 'https://www.youtube.com/watch?v=YQHsXMglC9A'),
(199, 37, 1, 'Heavy Tomorrow', 277, 'https://picsum.photos/seed/song-199/800/800', 'https://www.youtube.com/watch?v=YQHsXMglC9A'),
(200, 37, 2, 'Wonder With You', 202, 'https://picsum.photos/seed/song-200/800/800', 'https://www.youtube.com/watch?v=fJ9rUzIMcZQ'),
(201, 37, 3, 'Bright Away', 223, 'https://picsum.photos/seed/song-201/800/800', 'https://www.youtube.com/watch?v=CevxZvSJLk8'),
(202, 37, 4, 'Slow Again', 157, 'https://picsum.photos/seed/song-202/800/800', 'https://www.youtube.com/watch?v=YQHsXMglC9A'),
(203, 37, 5, 'After Through It', 190, 'https://picsum.photos/seed/song-203/800/800', 'https://www.youtube.com/watch?v=fJ9rUzIMcZQ'),
(204, 38, 1, 'Falling Through It', 179, 'https://picsum.photos/seed/song-204/800/800', 'https://www.youtube.com/watch?v=CevxZvSJLk8'),
(205, 38, 2, 'Burning Away', 277, 'https://picsum.photos/seed/song-205/800/800', 'https://www.youtube.com/watch?v=tt2k8PGm-TI'),
(206, 38, 3, 'Breathe Out Loud', 219, 'https://picsum.photos/seed/song-206/800/800', 'https://www.youtube.com/watch?v=RgKAFK5djSk'),
(207, 38, 4, 'Slow for Real', 212, 'https://picsum.photos/seed/song-207/800/800', 'https://www.youtube.com/watch?v=CevxZvSJLk8'),
(208, 38, 5, 'Bright Away', 248, 'https://picsum.photos/seed/song-208/800/800', 'https://www.youtube.com/watch?v=OPf0YbXqDm0'),
(209, 38, 6, 'After Out Loud', 184, 'https://picsum.photos/seed/song-209/800/800', 'https://www.youtube.com/watch?v=2vjPBrBU-TM'),
(210, 38, 7, 'Falling Like This', 256, 'https://picsum.photos/seed/song-210/800/800', 'https://www.youtube.com/watch?v=JGwWNGJdvx8'),
(211, 39, 1, 'Breathe Once More', 275, 'https://picsum.photos/seed/song-211/800/800', 'https://www.youtube.com/watch?v=2vjPBrBU-TM'),
(212, 39, 2, 'Waiting Anyway', 273, 'https://picsum.photos/seed/song-212/800/800', 'https://www.youtube.com/watch?v=JGwWNGJdvx8'),
(213, 39, 3, 'Shadow at Dawn', 246, 'https://picsum.photos/seed/song-213/800/800', 'https://www.youtube.com/watch?v=CevxZvSJLk8'),
(214, 39, 4, 'Shadow Forever', 211, 'https://picsum.photos/seed/song-214/800/800', 'https://www.youtube.com/watch?v=09R8_2nJtjg'),
(215, 39, 5, 'Drifting Through It', 255, 'https://picsum.photos/seed/song-215/800/800', 'https://www.youtube.com/watch?v=dQw4w9WgXcQ'),
(216, 39, 6, 'Shadow for Real', 247, 'https://picsum.photos/seed/song-216/800/800', 'https://www.youtube.com/watch?v=RgKAFK5djSk'),
(217, 40, 1, 'Heavy Once More', 234, 'https://picsum.photos/seed/song-217/800/800', 'https://www.youtube.com/watch?v=2vjPBrBU-TM'),
(218, 40, 2, 'Burning Anyway', 175, 'https://picsum.photos/seed/song-218/800/800', 'https://www.youtube.com/watch?v=hT_nvWreIhg'),
(219, 40, 3, 'Wonder Tonight', 186, 'https://picsum.photos/seed/song-219/800/800', 'https://www.youtube.com/watch?v=RgKAFK5djSk'),
(220, 40, 4, 'Waiting in the Dark', 270, 'https://picsum.photos/seed/song-220/800/800', 'https://www.youtube.com/watch?v=60ItHLz5WEA'),
(221, 40, 5, 'Dancing of Gold', 251, 'https://picsum.photos/seed/song-221/800/800', 'https://www.youtube.com/watch?v=YQHsXMglC9A'),
(222, 41, 1, 'Shadow for Real', 159, 'https://picsum.photos/seed/song-222/800/800', 'https://www.youtube.com/watch?v=09R8_2nJtjg'),
(223, 41, 2, 'Falling Through It', 223, 'https://picsum.photos/seed/song-223/800/800', 'https://www.youtube.com/watch?v=OPf0YbXqDm0'),
(224, 41, 3, 'Falling in Color', 175, 'https://picsum.photos/seed/song-224/800/800', 'https://www.youtube.com/watch?v=60ItHLz5WEA'),
(225, 41, 4, 'Burning Anyway', 192, 'https://picsum.photos/seed/song-225/800/800', 'https://www.youtube.com/watch?v=e-ORhEE9VVg'),
(226, 41, 5, 'Breathe Tonight', 161, 'https://picsum.photos/seed/song-226/800/800', 'https://www.youtube.com/watch?v=JGwWNGJdvx8'),
(227, 41, 6, 'Stay on the Radio', 241, 'https://picsum.photos/seed/song-227/800/800', 'https://www.youtube.com/watch?v=JGwWNGJdvx8'),
(228, 41, 7, 'Coming Away', 212, 'https://picsum.photos/seed/song-228/800/800', 'https://www.youtube.com/watch?v=hT_nvWreIhg'),
(229, 42, 1, 'Closer in the Dark', 247, 'https://picsum.photos/seed/song-229/800/800', 'https://www.youtube.com/watch?v=09R8_2nJtjg'),
(230, 42, 2, 'Lost for Real', 186, 'https://picsum.photos/seed/song-230/800/800', 'https://www.youtube.com/watch?v=OPf0YbXqDm0'),
(231, 42, 3, 'Wonder Like This', 267, 'https://picsum.photos/seed/song-231/800/800', 'https://www.youtube.com/watch?v=fJ9rUzIMcZQ'),
(232, 42, 4, 'Run Anyway', 223, 'https://picsum.photos/seed/song-232/800/800', 'https://www.youtube.com/watch?v=YQHsXMglC9A'),
(233, 42, 5, 'Bright Home', 168, 'https://picsum.photos/seed/song-233/800/800', 'https://www.youtube.com/watch?v=CevxZvSJLk8'),
(234, 43, 1, 'Wonder on the Radio', 200, 'https://picsum.photos/seed/song-234/800/800', 'https://www.youtube.com/watch?v=RgKAFK5djSk'),
(235, 43, 2, 'Slow Again', 210, 'https://picsum.photos/seed/song-235/800/800', 'https://www.youtube.com/watch?v=RgKAFK5djSk'),
(236, 43, 3, 'Empty Tomorrow', 225, 'https://picsum.photos/seed/song-236/800/800', 'https://www.youtube.com/watch?v=e-ORhEE9VVg'),
(237, 43, 4, 'Breathe Tonight', 251, 'https://picsum.photos/seed/song-237/800/800', 'https://www.youtube.com/watch?v=fJ9rUzIMcZQ'),
(238, 43, 5, 'Run Once More', 162, 'https://picsum.photos/seed/song-238/800/800', 'https://www.youtube.com/watch?v=tt2k8PGm-TI'),
(239, 43, 6, 'After for Real', 223, 'https://picsum.photos/seed/song-239/800/800', 'https://www.youtube.com/watch?v=60ItHLz5WEA'),
(240, 44, 1, 'Holding Alright', 214, 'https://picsum.photos/seed/song-240/800/800', 'https://www.youtube.com/watch?v=YQHsXMglC9A'),
(241, 44, 2, 'Waiting Again', 160, 'https://picsum.photos/seed/song-241/800/800', 'https://www.youtube.com/watch?v=fJ9rUzIMcZQ'),
(242, 44, 3, 'Wonder With You', 243, 'https://picsum.photos/seed/song-242/800/800', 'https://www.youtube.com/watch?v=e-ORhEE9VVg'),
(243, 44, 4, 'Waiting in the Dark', 225, 'https://picsum.photos/seed/song-243/800/800', 'https://www.youtube.com/watch?v=JGwWNGJdvx8'),
(244, 44, 5, 'Coming Home', 201, 'https://picsum.photos/seed/song-244/800/800', 'https://www.youtube.com/watch?v=kJQP7kiw5Fk'),
(245, 45, 1, 'Closer Like This', 273, 'https://picsum.photos/seed/song-245/800/800', 'https://www.youtube.com/watch?v=60ItHLz5WEA'),
(246, 45, 2, 'Breathe of Gold', 179, 'https://picsum.photos/seed/song-246/800/800', 'https://www.youtube.com/watch?v=CevxZvSJLk8'),
(247, 45, 3, 'Falling Away', 207, 'https://picsum.photos/seed/song-247/800/800', 'https://www.youtube.com/watch?v=2vjPBrBU-TM'),
(248, 45, 4, 'Drifting at Dawn', 243, 'https://picsum.photos/seed/song-248/800/800', 'https://www.youtube.com/watch?v=9bZkp7q19f0'),
(249, 45, 5, 'Drifting Tonight', 217, 'https://picsum.photos/seed/song-249/800/800', 'https://www.youtube.com/watch?v=hT_nvWreIhg'),
(250, 45, 6, 'Burning Anyway', 244, 'https://picsum.photos/seed/song-250/800/800', 'https://www.youtube.com/watch?v=YQHsXMglC9A'),
(251, 46, 1, 'Burning Through It', 270, 'https://picsum.photos/seed/song-251/800/800', 'https://www.youtube.com/watch?v=dQw4w9WgXcQ'),
(252, 46, 2, 'After at Dawn', 233, 'https://picsum.photos/seed/song-252/800/800', 'https://www.youtube.com/watch?v=tt2k8PGm-TI'),
(253, 46, 3, 'After Through It', 166, 'https://picsum.photos/seed/song-253/800/800', 'https://www.youtube.com/watch?v=YQHsXMglC9A'),
(254, 46, 4, 'Wonder on the Radio', 254, 'https://picsum.photos/seed/song-254/800/800', 'https://www.youtube.com/watch?v=9bZkp7q19f0'),
(255, 46, 5, 'Waiting With You', 159, 'https://picsum.photos/seed/song-255/800/800', 'https://www.youtube.com/watch?v=fJ9rUzIMcZQ'),
(256, 46, 6, 'Slow Again', 174, 'https://picsum.photos/seed/song-256/800/800', 'https://www.youtube.com/watch?v=OPf0YbXqDm0'),
(257, 47, 1, 'Rising at Dawn', 257, 'https://picsum.photos/seed/song-257/800/800', 'https://www.youtube.com/watch?v=09R8_2nJtjg'),
(258, 47, 2, 'Waiting in Color', 175, 'https://picsum.photos/seed/song-258/800/800', 'https://www.youtube.com/watch?v=2vjPBrBU-TM'),
(259, 47, 3, 'Slow Alright', 254, 'https://picsum.photos/seed/song-259/800/800', 'https://www.youtube.com/watch?v=fJ9rUzIMcZQ'),
(260, 47, 4, 'Stay Tomorrow', 205, 'https://picsum.photos/seed/song-260/800/800', 'https://www.youtube.com/watch?v=CevxZvSJLk8'),
(261, 47, 5, 'Wonder Through It', 242, 'https://picsum.photos/seed/song-261/800/800', 'https://www.youtube.com/watch?v=9bZkp7q19f0'),
(262, 47, 6, 'Rising With You', 251, 'https://picsum.photos/seed/song-262/800/800', 'https://www.youtube.com/watch?v=fJ9rUzIMcZQ'),
(263, 47, 7, 'Holding Again', 266, 'https://picsum.photos/seed/song-263/800/800', 'https://www.youtube.com/watch?v=9bZkp7q19f0'),
(264, 48, 1, 'Shadow Through It', 182, 'https://picsum.photos/seed/song-264/800/800', 'https://www.youtube.com/watch?v=60ItHLz5WEA'),
(265, 48, 2, 'Empty Forever', 167, 'https://picsum.photos/seed/song-265/800/800', 'https://www.youtube.com/watch?v=2vjPBrBU-TM'),
(266, 48, 3, 'Bright Forever', 205, 'https://picsum.photos/seed/song-266/800/800', 'https://www.youtube.com/watch?v=2vjPBrBU-TM'),
(267, 48, 4, 'Lost of Gold', 187, 'https://picsum.photos/seed/song-267/800/800', 'https://www.youtube.com/watch?v=60ItHLz5WEA'),
(268, 48, 5, 'After Tonight', 220, 'https://picsum.photos/seed/song-268/800/800', 'https://www.youtube.com/watch?v=2vjPBrBU-TM'),
(269, 49, 1, 'Closer Again', 156, 'https://picsum.photos/seed/song-269/800/800', 'https://www.youtube.com/watch?v=kJQP7kiw5Fk'),
(270, 49, 2, 'Run Tomorrow', 210, 'https://picsum.photos/seed/song-270/800/800', 'https://www.youtube.com/watch?v=09R8_2nJtjg'),
(271, 49, 3, 'Shadow Tonight', 194, 'https://picsum.photos/seed/song-271/800/800', 'https://www.youtube.com/watch?v=fJ9rUzIMcZQ'),
(272, 49, 4, 'Stay Away', 257, 'https://picsum.photos/seed/song-272/800/800', 'https://www.youtube.com/watch?v=hT_nvWreIhg'),
(273, 49, 5, 'Burning in the Dark', 271, 'https://picsum.photos/seed/song-273/800/800', 'https://www.youtube.com/watch?v=CevxZvSJLk8'),
(274, 49, 6, 'Rising Out Loud', 177, 'https://picsum.photos/seed/song-274/800/800', 'https://www.youtube.com/watch?v=CevxZvSJLk8'),
(275, 50, 1, 'Heavy on the Radio', 267, 'https://picsum.photos/seed/song-275/800/800', 'https://www.youtube.com/watch?v=YQHsXMglC9A'),
(276, 50, 2, 'Run With You', 272, 'https://picsum.photos/seed/song-276/800/800', 'https://www.youtube.com/watch?v=2vjPBrBU-TM'),
(277, 50, 3, 'Drifting in Color', 177, 'https://picsum.photos/seed/song-277/800/800', 'https://www.youtube.com/watch?v=CevxZvSJLk8'),
(278, 50, 4, 'Wonder in the Dark', 170, 'https://picsum.photos/seed/song-278/800/800', 'https://www.youtube.com/watch?v=JGwWNGJdvx8'),
(279, 50, 5, 'After Away', 166, 'https://picsum.photos/seed/song-279/800/800', 'https://www.youtube.com/watch?v=kJQP7kiw5Fk');

-- ── Reset sequences (since we inserted explicit ids) ──
SELECT setval('artists_id_seq', (SELECT MAX(id) FROM artists));
SELECT setval('albums_id_seq',  (SELECT MAX(id) FROM albums));
SELECT setval('songs_id_seq',   (SELECT MAX(id) FROM songs));